지역,지역구,카페명,주소,위도,경도,파일명,red,blue,mono,tone,red(%),blue(%),mono(%)
서서울,은평,스모어,서울 은평구 연서로29길 8-8,37.6189525,126.9196972,ws_ep_01.png,303132,16736,139404,red,66.0,3.64,30.35
서서울,은평,필라멘트카페,서울 은평구 통일로 883,37.6217534,126.9194619,ws_ep_02.png,275566,31789,97361,red,68.09,7.85,24.06
서서울,은평,HUGA,서울 은평구 진관2로 19,37.634753,126.9197743,ws_ep_03.png,74956,135169,36581,blue,30.38,54.79,14.83
서서울,은평,YM Coffee Project,서울 은평구 연서로29길 21-8,37.61909489999999,126.9175418,ws_ep_04.png,188820,483,47397,red,79.77,0.2,20.02
서서울,은평,카페달력,서울 은평구 연서로18길 28-2,37.6119303,126.9205339,ws_ep_05.png,183368,3755,33317,red,83.18,1.7,15.11
서서울,은평,CAFE ASA,서울 은평구 불광천길 338,37.58906810000001,126.9140942,ws_ep_06.png,154068,8288,52644,red,71.66,3.85,24.49
서서울,은평,1인1잔,서울 은평구 연서로 534,37.6190884,126.9235023,ws_ep_07.png,174570,16504,87926,red,62.57,5.92,31.51
서서울,은평,카페뤽상부르,서울 은평구 연서로25길 6-11,37.6172218,126.9181467,ws_ep_08.png,479509,9549,104342,red,80.81,1.61,17.58
서서울,은평,Tamnadoda cafe,서울 은평구 통일로83길 5-14,37.620598,126.9187423,ws_ep_09.png,100917,28578,54897,red,54.73,15.5,29.77
서서울,은평,북한산제빵소,서울 은평구 진관동 126-11,37.63948120000001,126.9401428,ws_ep_10.png,272468,34764,74758,red,71.33,9.1,19.57
서서울,은평,제이츠 커피 브루어스,서울 은평구 연서로25길 20-3,37.6174221,126.91689440000002,ws_ep_11.png,68736,48377,139773,mono,26.76,18.83,54.41
서서울,은평,슬러프커피,서울 은평구 연서로16길 15-7,37.6097942,126.9184887,ws_ep_12.png,267116,951,116308,red,69.49,0.25,30.26
서서울,은평,다용도실,서울 은평구 연서로20길 17,37.6140571,126.9198779,ws_ep_13.png,189850,2766,67784,red,72.91,1.06,26.03
서서울,마포,프릳츠 도화점,서울 마포구 새창로2길 17,37.5409755,126.9490468,ws_mp_01.png,93272,22771,289690,mono,22.99,5.61,71.4
서서울,마포,피오니,서울 마포구 어울마당로 56,37.5499118,126.9212434,ws_mp_02.png,259865,141746,54743,red,56.94,31.06,12.0
서서울,마포,앤트러사이트 합정점,서울 마포구 토정로5길 10,37.5458006,126.9183208,ws_mp_03.png,148004,27506,68650,red,60.62,11.27,28.12
서서울,마포,카페부라노,서울 마포구 동교로23길 14,37.5568708,126.9208862,ws_mp_04.png,161145,64031,200246,mono,37.88,15.05,47.07
서서울,마포,소복 홍대 본점,서울 마포구 어울마당로 58,37.5500661,126.9212695,ws_mp_05.png,110250,495,36505,red,74.87,0.34,24.79
서서울,마포,허밍벨라,서울 마포구 독막로7길 57,37.5503215,126.91993490000002,ws_mp_06.png,331828,1140,37855,red,89.48,0.31,10.21
서서울,마포,젤라띠젤라띠,서울 마포구 와우산로17길 12,37.5502746,126.9223031,ws_mp_07.png,210882,84871,181321,red,44.2,17.79,38.01
서서울,마포,커피가게동경,서울 마포구 망원로6길 21,37.5559099,126.9035384,ws_mp_08.png,364450,303,116826,red,75.68,0.06,24.26
서서울,마포,아오이토리,서울 마포구 와우산로29길 8,37.5547393,126.92943909999998,ws_mp_09.png,266161,66990,184769,red,51.39,12.93,35.68
서서울,마포,안티크코코,서울 마포구 독막로 64,37.5475819,126.9204814,ws_mp_10.png,322052,128,65810,red,83.01,0.03,16.96
서서울,마포,카페 레드빅,서울 마포구 잔다리로6길 5,37.5521037,126.9194429,ws_mp_11.png,297272,10610,198374,red,58.72,2.1,39.18
서서울,마포,카페하이웨스트,서울 마포구 성미산로 167-9,37.5645316,126.9250634,ws_mp_12.png,349298,0,50125,red,87.45,0.0,12.55
서서울,마포,블랑드티,서울 마포구 양화로 61,37.5507622,126.9150317,ws_mp_13.png,238398,54004,74888,red,64.91,14.7,20.39
서서울,서대문,카페 카페,서울 서대문구 연세로12길 19,37.5590079,126.9381633,ws_sdm_01.png,176190,3087,32477,red,83.21,1.46,15.34
서서울,서대문,호밀밭,서울 서대문구 신촌역로 43,37.55891210000001,126.9406332,ws_sdm_02.png,259489,21373,38738,red,81.19,6.69,12.12
서서울,서대문,매뉴팩트커피,서울 서대문구 연희로11길 29,37.56775800000001,126.9295981,ws_sdm_03.png,138379,46457,204924,mono,35.5,11.92,52.58
서서울,서대문,어반앨리스,서울 서대문구 이화여대1길 10,37.5576095,126.94490159999998,ws_sdm_04.png,271637,1461,12187,red,95.22,0.51,4.27
서서울,서대문,waffle it up,서울 서대문구 이화여대3길 42-19,37.5582078,126.9432894,ws_sdm_05.png,210467,13830,172463,red,53.05,3.49,43.47
서서울,서대문,카페페라,서울 서대문구 이화여대8길 2,37.558617,126.9459253,ws_sdm_06.png,172300,4317,65783,red,71.08,1.78,27.14
서서울,서대문,보일링팟,서울 서대문구 연세로 42-22,37.55920820000001,126.9382884,ws_sdm_07.png,52270,7510,164871,mono,23.27,3.34,73.39
서서울,서대문,마호가니,서울 서대문구 연희맛로 45,37.5688266,126.9311834,ws_sdm_08.png,180621,15188,95269,red,62.05,5.22,32.73
서서울,서대문,독수리다방,서울 서대문구 연세로 36,37.5587229,126.9372291,ws_sdm_09.png,299701,31237,93794,red,70.56,7.35,22.08
서서울,서대문,하이드미플리즈,서울 서대문구 통일로39나길 5,37.5884239,126.9430865,ws_sdm_10.png,65669,19612,79974,mono,39.74,11.87,48.39
서서울,서대문,마이디어스윗,서울 서대문구 세검정로 52-10,37.5919658,126.94650590000002,ws_sdm_11.png,108430,2749,21073,red,81.99,2.08,15.93
서서울,서대문,로열티하우스,서울 서대문구 충정로 71-5,37.5651589,126.9654212,ws_sdm_12.png,283598,19,110735,red,71.91,0.0,28.08
서서울,서대문,팝컨테이너,서울 서대문구 명물길 70,37.5588248,126.9400516,ws_sdm_13.png,146022,17291,40077,red,71.79,8.5,19.7
서남,강서,고양이똥,서울 강서구 공항대로59가길 13,37.55200470000001,126.8646271,sw_gs_01.png,284770,29685,249537,red,50.49,5.26,44.24
서남,강서,고양이정원,서울 강서구 개화동로19길 18,37.5756508,126.8031032,sw_gs_02.png,343383,25343,81322,red,76.3,5.63,18.07
서남,강서,헤븐온탑 김포공항점,서울 강서구 하늘길 38,37.5667733,126.8025118,sw_gs_03.png,240122,207003,52645,red,48.05,41.42,10.53
서남,강서,WE Ccafe,서울 강서구 강서로47길 169,37.5534108,126.8267049,sw_gs_04.png,408201,43687,237842,red,59.18,6.33,34.48
서남,강서,아임멍,서울 강서구 마곡서로 158,37.568023,126.825098,sw_gs_05.png,335053,6277,74749,red,80.53,1.51,17.97
서남,강서,카페숨,서울 강서구 공항대로39길 7,37.5585779,126.8433001,sw_gs_06.png,306319,3641,128296,red,69.89,0.83,29.27
서남,강서,하롱하롱,서울 강서구 마곡서로 152,37.5675429,126.8259872,sw_gs_07.png,342443,1622,95999,red,77.82,0.37,21.81
서남,강서,뚜스뚜스,서울 강서구 화곡로 408,37.5595764,126.8547716,sw_gs_08.png,150103,3666,78335,red,64.67,1.58,33.75
서남,강서,요로콘데,서울 강서구 마곡중앙로 161-1,37.5678801,126.8265667,sw_gs_09.png,50980,7285,19963,red,65.17,9.31,25.52
서남,강서,브루드서울,서울 강서구 마곡중앙로 161-11,37.5678801,126.8265667,sw_gs_10.png,214206,32757,71957,red,67.17,10.27,22.56
서남,강서,793 플라워팩토리,서울 강서구 마곡중앙8로 90,37.5608125,126.8376875,sw_gs_11.png,234079,76164,91724,red,58.23,18.95,22.82
서남,강서,카페소금다방,서울 강서구 공항대로61길 42,37.5526855,126.8663732,sw_gs_12.png,311463,2571,38753,red,88.29,0.73,10.98
서남,강서,어느예쁜날,서울 강서구 화곡로26가길 18,37.5408966,126.8395116,sw_gs_13.png,297652,18533,53096,red,80.6,5.02,14.38
서남,양천,커피별녹색잔,서울 양천구 목동로21길 26,37.52523729999999,126.8608357,sw_yc_01.png,281318,13327,16069,red,90.54,4.29,5.17
서남,양천,C27 현대백화점목동점,서울 양천구 목동동로 257,37.5268253,126.87497820000002,sw_yc_02.png,257620,50376,132804,red,58.44,11.43,30.13
서남,양천,에프스토리,서울 양천구 목동동로 226-19,37.5255045,126.8730929,sw_yc_03.png,137695,1880,6441,red,94.3,1.29,4.41
서남,양천,cafe qooom,서울 양천구 목동로23길 1,37.5270576,126.863289,sw_yc_04.png,466058,2795,71167,red,86.3,0.52,13.18
서남,양천,카페 제하,서울 양천구 목동동로 177,37.52158220000001,126.8704402,sw_yc_05.png,318905,79929,261316,red,48.31,12.11,39.58
서남,양천,이기스카페 목동점,서울 양천구 목동동로 293,37.5281527,126.8757457,sw_yc_06.png,120365,61843,250224,mono,27.83,14.3,57.86
서남,양천,르플로르,서울 양천구 목동동로 222-13,37.525279,126.8727908,sw_yc_07.png,222950,34926,46549,red,73.24,11.47,15.29
서남,양천,엘가커피 목동점,서울 양천구 신정중앙로 107,37.526399100000006,126.86367690000002,sw_yc_08.png,215305,39987,163810,red,51.37,9.54,39.09
서남,양천,알리커피,서울 양천구 중앙로32길 45,37.519602,126.85875729999998,sw_yc_09.png,87718,204,19978,red,81.3,0.19,18.52
서남,양천,테디랩,서울 양천구 신월로36길 11,37.520665,126.8585533,sw_yc_10.png,200652,45136,112652,red,55.98,12.59,31.43
서남,양천,퍼블릭맨션,서울 양천구 등촌로 154,37.54349910000001,126.8625778,sw_yc_11.png,89994,73160,74046,red,37.94,30.84,31.22
서남,양천,카페쿤츠,서울 양천구 오목로 170,37.5248058,126.8561824,sw_yc_12.png,170498,29130,47920,red,68.87,11.77,19.36
서남,양천,커피그레이드,서울 양천구 중앙로51길 71,37.5234824,126.8426124,sw_yc_13.png,109913,11646,270261,mono,28.05,2.97,68.98
서남,영등포,세상의모든아침,서울 영등포구 여의대로 24,37.522317,126.9201153,sw_ydp_01.png,257212,64797,271948,mono,43.3,10.91,45.79
서남,영등포,오월의종 타임스퀘어점,서울 영등포구 영중로 15,37.517007,126.9041419,sw_ydp_02.png,443938,24094,139468,red,73.08,3.97,22.96
서남,영등포,올드문래,서울 영등포구 도림로 433-6,37.5138911,126.8942605,sw_ydp_03.png,338834,46301,194990,red,58.41,7.98,33.61
서남,영등포,선유기지,서울 영등포구 선유로51길 1,37.536435,126.8976356,sw_ydp_04.png,593918,30451,19155,red,92.29,4.73,2.98
서남,영등포,폴앤폴리나 여의도점,서울 영등포구 의사당대로 108,37.5199076,126.9245387,sw_ydp_05.png,477101,62618,182051,red,66.1,8.68,25.22
서남,영등포,카페 진정성,서울 영등포구 국제금융로8길 31,37.51985620000001,126.9279038,sw_ydp_06.png,319864,110888,224628,red,48.81,16.92,34.27
서남,영등포,마호가니커피 타임스퀘어점,서울 영등포구 영중로 15,37.517007,126.9041419,sw_ydp_07.png,304978,37551,70871,red,73.77,9.08,17.14
서남,영등포,타르타르 여의도점,서울 영등포구 의사당대로1길 11,37.5191693,126.9285663,sw_ydp_08.png,428560,7619,105228,red,79.16,1.41,19.44
서남,영등포,빌리엔젤 당산역점,서울 영등포구 당산로 223,37.5337706,126.9012083,sw_ydp_09.png,152577,75436,211106,mono,34.75,17.18,48.07
서남,영등포,시즌커피앤베이크,서울 영등포구 양산로9길 12-1,37.5263223,126.8888412,sw_ydp_10.png,461738,2799,212813,red,68.17,0.41,31.42
서남,영등포,카페 엘디아,서울 영등포구 양평로22길 18,37.53767120000001,126.8973605,sw_ydp_11.png,480001,7765,60289,red,87.58,1.42,11.0
서남,영등포,테라로사 여의도점,서울 영등포구 여의대로 56,37.5240065,126.9228655,sw_ydp_12.png,316576,103388,119652,red,58.67,19.16,22.17
서남,영등포,보사노바 커피 로스터스 문래점,서울 영등포구 영등포로20길 22-4,37.5199186,126.8920018,sw_ydp_13.png,221488,7742,46920,red,80.21,2.8,16.99
서남,구로,메이비,서울 구로구 디지털로32나길 51,37.4848624,126.90054440000002,sw_gr_01.png,405757,42895,61607,red,79.52,8.41,12.07
서남,구로,카페큐브,서울 구로구 경인로 662,37.5084321,126.8887332,sw_gr_02.png,215936,15358,759618,mono,21.79,1.55,76.66
서남,구로,빈브라더스 현대백화점 디큐브시티점,서울 구로구 경인로 662,37.5084321,126.8887332,sw_gr_03.png,88099,77688,252158,mono,21.08,18.59,60.33
서남,구로,이름없는 가게,서울 구로구 개봉로1나길 52,37.485394,126.8524179,sw_gr_04.png,218160,11689,59537,red,75.39,4.04,20.57
서남,구로,고마워케이크,서울 구로구 디지털로 300,37.4833793,126.8941131,sw_gr_05.png,512200,9577,68859,red,86.72,1.62,11.66
서남,구로,LonelyAve,서울 구로구 경인로65길 44,37.509554,126.8852079,sw_gr_06.png,301405,22398,147434,red,63.96,4.75,31.29
서남,구로,Cafe126,서울 구로구 고척로30길 6,37.5019532,126.8485194,sw_gr_07.png,275170,16834,141190,red,63.52,3.89,32.59
서남,구로,카페노아,서울 구로구 서해안로30길 12,37.493176,126.8438922,sw_gr_08.png,309694,119,14027,red,95.63,0.04,4.33
서남,구로,테일팟,서울 구로구 공원로6나길 29-17,37.5047919,126.8908445,sw_gr_09.png,246885,7562,80671,red,73.67,2.26,24.07
서남,구로,데일리스위츠,서울 구로구 중앙로9,37.5051273,126.8602919,sw_gr_10.png,100194,54373,334209,mono,20.5,11.12,68.38
서남,구로,하이드아웃,서울 구로구 개봉로20길 30,37.4933424,126.8564453,sw_gr_11.png,204023,3733,69972,red,73.46,1.34,25.19
서남,구로,써드포지션,서울 구로구 개봉로24길 42,37.4958436,126.8577404,sw_gr_12.png,357688,1668,217268,red,62.03,0.29,37.68
서남,구로,카페 이졸레,서울 구로구 도림천로 336,37.4949733,126.8937332,sw_gr_13.png,213607,36660,408755,mono,32.41,5.56,62.02
도심,종로,레이어드,서울 종로구 북촌로2길 2-3,37.5776998,126.9859145,cs_jr_01.png,323035,5349,115514,red,72.77,1.21,26.02
도심,종로,식물,서울 종로구 돈화문로11다길 46-1,37.5737275,126.98963290000002,cs_jr_02.png,224462,239596,444627,mono,24.7,26.37,48.93
도심,종로,빌즈,서울 종로구 종로3길 17,37.5717005,126.9797154,cs_jr_03.png,135828,408511,579251,mono,12.09,36.36,51.55
도심,종로,서울커피 익선점,서울 종로구 수표로28길 33-3,37.5732519,126.9900717,cs_jr_04.png,262726,121147,349699,mono,35.81,16.51,47.67
도심,종로,스펙터,서울 종로구 필운대로6길 23-1,37.58023970000001,126.96966299999998,cs_jr_05.png,325259,13059,201906,red,60.21,2.42,37.37
도심,종로,커피방앗간,서울 종로구 북촌로5가길 8-11,37.5802805,126.9824672,cs_jr_06.png,292307,48635,128054,red,62.33,10.37,27.3
도심,종로,서울커피상회,서울 종로구 자하문로7길 67-2,37.58015,126.9688842,cs_jr_07.png,228695,8363,162998,red,57.17,2.09,40.74
도심,종로,프릳츠 원서점,서울 종로구 율곡로 83,37.5775971,126.98843259999998,cs_jr_08.png,421820,23455,104277,red,76.76,4.27,18.97
도심,종로,제프리카벤디쉬런던,서울 종로구 대학로8가길 129,37.5802717,127.0035119,cs_jr_09.png,312931,19780,236052,red,55.02,3.48,41.5
도심,종로,TXT Coffee,서울 종로구 창덕궁길 121,37.5828255,126.9890299,cs_jr_10.png,217575,50567,192610,red,47.22,10.97,41.8
도심,종로,도밍고팩토리,서울 종로구 성균관로 15,37.5891352,126.996627,cs_jr_11.png,554474,9296,135956,red,79.24,1.33,19.43
도심,종로,홍콩샤워,서울 종로구 창경궁로29길 36,37.584146200000006,126.9973452,cs_jr_12.png,375195,28572,127674,red,70.6,5.38,24.02
도심,종로,블루룸,서울 종로구 대명1길 16-7,37.5828312,127.0002759,cs_jr_13.png,160755,24856,168535,mono,45.39,7.02,47.59
도심,중구,포엠,서울 중구 명동4길 13,37.5630844,126.9837459,cs_jg_01.png,808192,3341,172593,red,82.12,0.34,17.54
도심,중구,현상소,서울 중구 만리재로37길 24,37.5567475,126.9671412,cs_jg_02.png,309245,66098,201723,red,53.59,11.45,34.96
도심,중구,분카샤,서울 중구 을지로14길 20,37.5653338,126.9919965,cs_jg_03.png,299039,3575,233534,red,55.78,0.67,43.56
도심,중구,호텔수선화,서울 중구 충무로7길 17,37.5656561,126.9916481,cs_jg_04.png,260853,58647,217788,red,48.55,10.92,40.53
도심,중구,비단콤마,서울 중구 소월로 31-1,37.556742,126.9766496,cs_jg_05.png,2855550,1313077,3793997,mono,35.86,16.49,47.65
도심,중구,마뫼,서울 중구 소파로 41,37.5551372,126.98134009999998,cs_jg_06.png,232135,49298,119256,red,57.93,12.3,29.76
도심,중구,토스마이슈,서울 중구 세종대로18길 20-1,37.5636239,126.9782895,cs_jg_07.png,4595815,1439493,1631324,red,59.95,18.78,21.28
도심,중구,4F,서울 중구 을지로35길 26-1,37.5678416,127.0013445,cs_jg_08.png,373593,300316,250147,red,40.43,32.5,27.07
도심,중구,투피스,서울 중구 을지로 230-1,37.5665133,127.0036771,cs_jg_09.png,242871,13358,152719,red,59.39,3.27,37.34
도심,중구,카페 피크닉,서울 중구 퇴계로6가길 30,37.5569375,126.9781092,cs_jg_10.png,208952,42739,244651,mono,42.1,8.61,49.29
도심,중구,심세정,서울 중구 퇴계로 409-11,37.5660188,127.01702140000002,cs_jg_11.png,231359,864,78022,red,74.57,0.28,25.15
도심,중구,아포테케리,서울특별시 중구 퇴계로 409-9,37.5659926,127.0169086,cs_jg_12.png,118339,60591,412190,mono,20.02,10.25,69.73
도심,중구,리사르커피,서울 중구 다산로8길 16-7,37.5524436,127.0104206,cs_jg_13.png,222121,40049,225126,mono,45.58,8.22,46.2
도심,용산,라페름,서울 용산구 이태원로54길 32,37.536976,127.0017111,cs_ys_01.png,307670,10615,92415,red,74.91,2.58,22.5
도심,용산,아베크엘,서울 용산구 두텁바위로69길 29,37.5504891,126.98064850000002,cs_ys_02.png,192231,1120,188548,red,50.34,0.29,49.37
도심,용산,원인어밀리언,서울 용산구 이태원로54길 31,37.5368755,127.0018731,cs_ys_03.png,162806,26459,207195,mono,41.06,6.67,52.26
도심,용산,언더프레셔,서울 용산구 한남대로20길 51,37.534899,127.0097292,cs_ys_04.png,327210,48741,195741,red,57.24,8.53,34.24
도심,용산,챔프커피 제2작업실,서울 용산구 녹사평대로26가길 24,37.5324573,126.99280120000002,cs_ys_05.png,389745,75339,213300,red,57.45,11.11,31.44
도심,용산,때가이르매,서울 용산구 두텁바위로 8,37.5450476,126.9730378,cs_ys_06.png,130125,109218,399851,mono,20.36,17.09,62.56
도심,용산,브랑쿠시,서울 용산구 새창로 104,37.5380141,126.9597642,cs_ys_07.png,323745,72143,103882,red,64.78,14.44,20.79
도심,용산,두화당,서울 용산구 백범로87길 25,37.5386701,126.9682902,cs_ys_08.png,116138,42697,94074,red,45.92,16.88,37.2
도심,용산,모어댄레스,서울 용산구 이태원로49길 24,37.537443,126.99929579999998,cs_ys_09.png,131420,20430,70934,red,58.99,9.17,31.84
도심,용산,수르기,서울 용산구 이태원로42길 32,37.5359926,127.0003947,cs_ys_10.png,429680,72047,177523,red,63.26,10.61,26.14
도심,용산,앤드커피랩,서울 용산구 이태원로54길 74,37.53519910000001,127.0009597,cs_ys_11.png,374590,9576,125371,red,73.52,1.88,24.6
도심,용산,이로공작,서울 용산구 소월로26길 14,37.5453174,126.9870595,cs_ys_12.png,260892,27810,129907,red,62.32,6.64,31.03
도심,용산,오랑오랑,서울 용산구 소월로20길 26-14,37.5450619,126.9850113,cs_ys_13.png,217718,7964,125374,red,62.02,2.27,35.71
남서울,동작,아뜨레케이크,서울 동작구 여의대방로22길 138,37.4982582,126.9275997,ss_dj_01.png,1008454,58056,211845,red,78.89,4.54,16.57
남서울,동작,브레드숨,서울 동작구 노량진로18길 37,37.5123243,126.9517867,ss_dj_02.png,879452,328948,828586,red,43.17,16.15,40.68
남서울,동작,오후홍콩,서울 동작구 흑석로13가길 29,37.5078464,126.9600755,ss_dj_03.png,1720731,108691,609646,red,70.55,4.46,25.0
남서울,동작,베로니카아서울,서울 동작구 시흥대로 596,37.485621,126.904518,ss_dj_04.png,1251056,147195,470422,red,66.95,7.88,25.17
남서울,동작,카페퍼블리코,서울 동작구 상도로 47,37.4999026,126.9258221,ss_dj_05.png,759603,96911,183650,red,73.03,9.32,17.66
남서울,동작,벨르보,서울 동작구 상도로33길 11,37.5058885,126.9448439,ss_dj_06.png,835083,111863,253222,red,69.58,9.32,21.1
남서울,동작,세녹,서울 동작구 사당로 304,37.484882,126.98133590000002,ss_dj_07.png,569890,17595,192827,red,73.03,2.25,24.71
남서울,동작,사랑해 바보 똥개,서울 동작구 만양로 112,37.5132965,126.9443935,ss_dj_08.png,730175,55801,772224,mono,46.86,3.58,49.56
남서울,동작,페니커피로스터스,서울 동작구 동작대로1길 36,37.4773461,126.9794111,ss_dj_09.png,517542,20233,210689,red,69.15,2.7,28.15
남서울,동작,오다가다,서울 동작구 동작대로35길 10,37.49093120000001,126.981809,ss_dj_10.png,472395,56962,376938,red,52.12,6.29,41.59
남서울,동작,밍구네다방,서울 동작구 노량진로 132,37.5133065,126.9405871,ss_dj_11.png,471175,32827,553615,mono,44.55,3.1,52.35
남서울,동작,달콤쌉싸롱,서울 동작구 노량진로12길 12-4,37.5133706,126.9439197,ss_dj_12.png,877206,103731,321483,red,67.35,7.96,24.68
남서울,동작,프랑세즈,서울 동작구 현충로 96,37.507901200000006,126.964262,ss_dj_13.png,951526,196126,329356,red,64.42,13.28,22.3
남서울,관악,쟝블랑제리,서울 관악구 낙성대역길 8,37.4771481,126.9619528,ss_ga_01.png,727603,126228,417725,red,57.22,9.93,32.85
남서울,관악,오후의 과일,서울 관악구 관악로14길 15,37.47918170000001,126.9534766,ss_ga_02.png,331306,195299,943539,mono,22.54,13.28,64.18
남서울,관악,egg thumb,서울 관악구 관악로14길 98,37.4777646,126.9577847,ss_ga_03.png,1455780,4323,97239,red,93.48,0.28,6.24
남서울,관악,아모르미오,서울 관악구 행운2길 20,37.4790531,126.9600258,ss_ga_04.png,769836,550652,752548,red,37.14,26.56,36.3
남서울,관악,미드레벨,서울 관악구 관악로14길 63,37.4785582,126.95602240000002,ss_ga_05.png,1344253,66979,299616,red,78.57,3.91,17.51
남서울,관악,RIVER BELL,서울 관악구 봉천로 524,37.4790891,126.9559404,ss_ga_06.png,778174,141922,446028,red,56.96,10.39,32.65
남서울,관악,황홀경,서울 관악구 관악로14길 37,37.478906,126.9545918,ss_ga_07.png,550656,6741,94354,red,84.49,1.03,14.48
남서울,관악,더은교,서울 관악구 봉천로 600-1,37.4760044,126.9637753,ss_ga_08.png,578214,5226,130878,red,80.95,0.73,18.32
남서울,관악,그날의 브런치,서울 관악구 남부순환로230길 48,37.4779581,126.9552031,ss_ga_09.png,1289745,2788,123566,red,91.08,0.2,8.73
남서울,관악,서울테이블,서울 관악구 관악로14길 2,37.4788269,126.9539044,ss_ga_10.png,1234407,149020,514673,red,65.03,7.85,27.12
남서울,관악,메이드바이아린,서울 관악구 관악로12길 47,37.4777983,126.9550708,ss_ga_11.png,969022,83722,886180,red,49.98,4.32,45.7
남서울,관악,포말커피,서울 관악구 신림로67길 25,37.48575220000001,126.9278553,ss_ga_12.png,1471539,97343,370042,red,75.89,5.02,19.08
남서울,관악,티라노커피,서울 관악구 남부순환로230길 39,37.4782967,126.9555862,ss_ga_13.png,221325,54342,99327,red,59.02,14.49,26.49
남서울,금천,재미길,서울 금천구 시흥대로50길 12-13,37.4507671,126.9030916,ss_gc_01.png,1368910,293838,479035,red,63.91,13.72,22.37
남서울,금천,모나드 커피로스터스,서울 금천구 금하로24길 5,37.45071770000001,126.9087568,ss_gc_02.png,1581786,52315,440950,red,76.23,2.52,21.25
남서울,금천,디오델 커피,서울 금천구 벚꽃로 30,37.4588664,126.893955,ss_gc_03.png,805620,647084,608243,red,39.09,31.4,29.51
남서울,금천,로드앤커피 2.5,서울 금천구 시흥대로 202,37.45192410000001,126.9021343,ss_gc_04.png,585971,325770,240219,red,50.87,28.28,20.85
남서울,금천,커피이즈,서울 금천구 은행나무로 50,37.4511435,126.9032364,ss_gc_05.png,545468,577297,120477,blue,43.87,46.43,9.69
남서울,금천,카페 트리니티,서울 금천구 가산디지털2로 108,37.4777658,126.8804909,ss_gc_06.png,1714033,20794,787197,red,67.96,0.82,31.21
남서울,금천,스미다,서울 금천구 벚꽃로 298,37.4813244,126.8837789,ss_gc_07.png,492833,45766,109291,red,76.07,7.06,16.87
남서울,금천,빌리엔젤,서울 금천구 디지털로9길 23,37.4786713,126.8864968,ss_gc_08.png,976275,59944,237977,red,76.62,4.7,18.68
남서울,금천,비틀주스,서울 금천구 디지털로9길 99,37.4816074,126.8848307,ss_gc_09.png,513023,43192,185556,red,69.16,5.82,25.02
남서울,금천,카페자리,서울 금천구 독산로77길 39,37.4700717,126.9003473,ss_gc_10.png,1362144,185141,832131,red,57.25,7.78,34.97
남서울,금천,판데오로,서울 금천구 가산디지털1로 186,37.4817399,126.8817895,ss_gc_11.png,774254,34426,166425,red,79.4,3.53,17.07
남서울,금천,손수다,서울 금천구 두산로 70,37.469824,126.89589,ss_gc_12.png,959589,24997,1210886,mono,43.71,1.14,55.15
남서울,금천,제이제이서브,서울 금천구 가산디지털1로 131,37.4769739,126.8823128,ss_gc_13.png,824232,46204,62076,red,88.39,4.95,6.66
강남,서초,카페마마스,서울 서초구 서운로 138,37.4959396,127.0252259,gn_sc_01.png,1320078,132544,425606,red,70.28,7.06,22.66
강남,서초,더플라잉팬레드,서울 서초구 서초대로 411,37.4977803,127.0261927,gn_sc_02.png,748556,439197,219534,red,53.19,31.21,15.6
강남,서초,쿠오레에스프레소,서울 서초구 강남대로 275,37.4878685,127.0319729,gn_sc_03.png,1192316,481476,684878,red,50.55,20.41,29.04
강남,서초,버터핑거팬케익,서울 서초구 강남대로61길 13,37.4988517,127.0255375,gn_sc_04.png,687690,67158,108735,red,79.63,7.78,12.59
강남,서초,프릳츠 양재점,서울 서초구 강남대로37길 24-11,37.4853311,127.0321832,gn_sc_05.png,800388,301334,562973,red,48.08,18.1,33.82
강남,서초,캐틀앤비,서울 서초구 양재천로 131,37.4787848,127.0418938,gn_sc_06.png,622716,294416,1152630,mono,30.09,14.22,55.69
강남,서초,MAILLET,서울 서초구 사평대로22길 14,37.4989206,126.997589,gn_sc_07.png,1390979,792989,569692,red,50.51,28.8,20.69
강남,서초,밀크바,서울 서초구 사평대로 205,37.5044253,127.0077601,gn_sc_08.png,528858,1637,145193,red,78.27,0.24,21.49
강남,서초,하프커피,서울 서초구 사평대로 205,37.5044253,127.0077601,gn_sc_09.png,1013248,258230,196098,red,69.04,17.6,13.36
강남,서초,태양커피,서울 서초구 서초대로25길 55,37.4901785,126.992805,gn_sc_10.png,528879,26527,117226,red,78.63,3.94,17.43
강남,서초,메종엠오,서울 서초구 방배로26길 22,37.4892766,126.9940824,gn_sc_11.png,1305814,20437,280854,red,81.25,1.27,17.48
강남,서초,루엘드파리,서울 서초구 서초중앙로 18,37.4840138,127.0173415,gn_sc_12.png,1013012,212641,331445,red,65.06,13.66,21.29
강남,서초,카페 릴리블랑,서울 서초구 양재천로19길 52,37.4776036,127.0381383,gn_sc_13.png,491591,146227,185628,red,59.7,17.76,22.54
강남,강남,알베르,서울 강남구 강남대로102길 34,37.5030004,127.0280905,gn_gn_01.png,1435823,277193,340868,red,69.91,13.5,16.6
강남,강남,C27 가로수길점,서울 강남구 도산대로15길 39,37.5206956,127.0232308,gn_gn_02.png,1482319,75056,866649,red,61.15,3.1,35.75
강남,강남,더달달,서울 강남구 강남대로102길 38-6,37.5031401,127.0284212,gn_gn_03.png,1037596,175683,94179,red,79.36,13.44,7.2
강남,강남,브라더후드키친,서울 강남구 봉은사로4길 22,37.503334,127.0263671,gn_gn_04.png,876893,370441,284060,red,57.26,24.19,18.55
강남,강남,에이블,서울 강남구 압구정로14길 12,37.5234764,127.02303390000002,gn_gn_05.png,1394739,74674,370991,red,75.78,4.06,20.16
강남,강남,샤이바나,서울 강남구 영동대로 513,37.5101935,127.0585824,gn_gn_06.png,1571821,2039,101485,red,93.82,0.12,6.06
강남,강남,알베르,서울 강남구 강남대로102길 34,37.5030004,127.0280905,gn_gn_07.png,1921320,95522,299758,red,82.94,4.12,12.94
강남,강남,수수커피,서울 강남구 강남대로84길 15,37.4970032,127.0298757,gn_gn_08.png,827447,114264,847461,mono,46.25,6.39,47.37
강남,강남,오아시스,서울 강남구 도산대로55길 20,37.5247377,127.0405903,gn_gn_09.png,1383425,284571,648604,red,59.72,12.28,28.0
강남,강남,트리아농,서울 강남구 학동로59길 43,37.5202844,127.0445558,gn_gn_10.png,1577233,208215,595898,red,66.23,8.74,25.02
강남,강남,미엘,서울 강남구 도산대로67길 13-12,37.5252864,127.0435926,gn_gn_11.png,1434132,388,514295,red,73.59,0.02,26.39
강남,강남,듀자미,서울 강남구 도산대로11길 28,37.5193063,127.0225815,gn_gn_12.png,517166,32454,79318,red,82.23,5.16,12.61
강남,강남,카페뮬라,서울 강남구 압구정로4길 13-12,37.521923,127.0212939,gn_gn_13.png,603048,174880,993572,mono,34.04,9.87,56.09
강북,도봉,PUKUPUKU,서울 도봉구 도당로13다길 19,37.6657761,127.0334324,gb_db_01.png,671415,107779,161558,red,71.37,11.46,17.17
강북,도봉,카페오븐,서울 도봉구 해등로16길 12,37.6558439,127.0406987,gb_db_02.png,806163,10009,225748,red,77.37,0.96,21.67
강북,도봉,쌍문동커피,서울 도봉구 도봉로116길 5,37.648175,127.035698,gb_db_03.png,279609,34906,205964,red,53.72,6.71,39.57
강북,도봉,뮤즈서울,서울 도봉구 도봉로110다길 51,37.6428627,127.0333996,gb_db_04.png,373937,131467,523452,mono,36.34,12.78,50.88
강북,도봉,알레싸카페,서울 도봉구 도봉로150다길 28,37.66776420000001,127.044555,gb_db_05.png,345026,118065,755887,mono,28.3,9.69,62.01
강북,도봉,카페더로비,서울 도봉구 방학로 171-5,37.6619876,127.0332537,gb_db_06.png,678562,21573,379865,red,62.83,2.0,35.17
강북,도봉,일월생,서울 도봉구 해등로 180,37.6577361,127.036838,gb_db_07.png,413260,18161,190683,red,66.43,2.92,30.65
강북,도봉,카페방학,서울 도봉구 도당로6길 30-6,37.6613592,127.03651809999998,gb_db_08.png,2379758,2819,254799,red,90.23,0.11,9.66
강북,도봉,와겐커피,서울 도봉구 도봉로150마길 15,37.6676879,127.0449171,gb_db_09.png,451627,5788,140114,red,75.58,0.97,23.45
강북,도봉,김화자 카페,서울 도봉구 도봉로114길 50,37.6474757,127.0371179,gb_db_10.png,307673,36427,345824,mono,44.6,5.28,50.12
강북,도봉,여전히달달해,서울 도봉구 해등로 120-4,37.6541795,127.0412267,gb_db_11.png,461576,34118,584306,mono,42.74,3.16,54.1
강북,도봉,카페작약,서울 도봉구 도봉로118길 10,37.6489235,127.03566,gb_db_12.png,503903,8528,297569,red,62.21,1.05,36.74
강북,도봉,카페152길,서울 도봉구 도봉로152길 29-3,37.6695709,127.0454518,gb_db_13.png,251303,89950,266247,mono,41.37,14.81,43.83
강북,강북,미즐,서울 강북구 수유동 535-11,37.6435127,127.0037736,gb_gb_01.png,839200,4381,165929,red,83.13,0.43,16.44
강북,강북,칠복상회 로스팅 공간,서울 강북구 한천로132길 7,37.63940570000001,127.0284952,gb_gb_02.png,568128,1475,176604,red,76.14,0.2,23.67
강북,강북,어니언,서울 강북구 솔매로50길 55,37.6241045,127.0284021,gb_gb_03.png,665314,103767,204203,red,68.36,10.66,20.98
강북,강북,로팸,서울 강북구 4.19로 61-1,37.6396099,127.0256575,gb_gb_04.png,262839,799,70052,red,78.77,0.24,20.99
강북,강북,스펙트럼커피랩,서울 강북구 도봉로97길 39,37.6424777,127.0273425,gb_gb_05.png,349581,28074,170761,red,63.74,5.12,31.14
강북,강북,카페수카페,서울 강북구 도봉로 52,37.6136586,127.0304432,gb_gb_06.png,522127,70226,99207,red,75.5,10.15,14.35
강북,강북,경계선,서울 강북구 삼각산로 22-7,37.6384562,127.0070885,gb_gb_07.png,236594,31555,141451,red,57.76,7.7,34.53
강북,강북,커피베스코,서울 강북구 도봉로 342,37.6380167,127.026135,gb_gb_08.png,397924,55902,83474,red,74.06,10.4,15.54
강북,강북,키쉬미뇽,서울 강북구 도봉로10길 12,37.61308620000001,127.03074850000002,gb_gb_09.png,8374259,1935127,9652470,mono,41.95,9.69,48.35
강북,강북,노르웨이안 우드,서울 강북구 인수봉로 314,37.64672,127.0106907,gb_gb_10.png,383533,38194,219697,red,59.79,5.95,34.25
강북,강북,베네피션트,서울 강북구 노해로 13,37.6393245,127.0196592,gb_gb_11.png,704517,193,31603,red,95.68,0.03,4.29
강북,강북,전광수커피하우스,서울 강북구 4.19로 97,37.64417329999999,127.0045193,gb_gb_12.png,437865,38515,42020,red,84.46,7.43,8.11
강북,강북,하프,서울 강북구 도봉로89길 5-12,37.6386582,127.0254797,gb_gb_13.png,296500,58002,4646,red,82.56,16.15,1.29
강북,성북,카페오월,서울 성북구 동소문로 111,37.5933629,127.0172733,gb_sb_01.png,342162,69809,684149,mono,31.22,6.37,62.42
강북,성북,휘스커,서울 성북구 성북로7길 21,37.58938320000001,127.0037573,gb_sb_02.png,753059,34661,137789,red,81.37,3.75,14.89
강북,성북,커피매터스,서울 성북구 동소문로10길 19-1,37.5897388,127.0114409,gb_sb_03.png,447460,19332,200608,red,67.05,2.9,30.06
강북,성북,프로젝트얼스,서울 성북구 성북로15길 21,37.5926969,126.9997771,gb_sb_04.png,501511,8226,92223,red,83.31,1.37,15.32
강북,성북,제뉴어리피크닉,서울 성북구 창경궁로43길 26,37.5891035,127.0041324,gb_sb_05.png,186816,33543,238792,mono,40.69,7.31,52.01
강북,성북,수연산방차,서울 성북구 성북로26길 8,37.5950128,126.9948259,gb_sb_06.png,376116,50666,53218,red,78.36,10.56,11.09
강북,성북,레인드롭카페,서울 성북구 동소문로22길 57-12,37.5906129,127.019222,gb_sb_07.png,290338,145050,255812,red,42.0,20.99,37.01
강북,성북,더홈서울카페,서울 성북구 인촌로1길 87,37.5887865,127.0173822,gb_sb_08.png,60715,1103,30232,red,65.96,1.2,32.84
강북,성북,알렉스더커피 성북점,서울 성북구 성북로28길 9,37.5950592,126.9934958,gb_sb_09.png,163894,44153,240293,mono,36.56,9.85,53.6
강북,성북,조셉의 커피나무,서울 성북구 성북로31길 65,37.5945577,126.9885926,gb_sb_10.png,396710,37990,105300,red,73.46,7.04,19.5
강북,성북,숑디 인 오하라,서울 성북구 보문로30길 80,37.591041,127.0201086,gb_sb_11.png,2939989,990798,2819213,red,43.56,14.68,41.77
강북,성북,cafe b,서울 성북구 보문로30길 71,37.5905704,127.0195283,gb_sb_12.png,415464,38695,184557,red,65.05,6.06,28.9
강북,성북,미미상회,서울 성북구 동소문로22길 57-17,37.5907865,127.0192978,gb_sb_13.png,3573889,1847826,3231085,red,41.3,21.36,37.34
강북,노원,아고라커피,서울 노원구 동일로193길 14,37.6260239,127.0717305,gb_nw_01.png,643592,3459,145780,red,81.18,0.44,18.39
강북,노원,토프레소 상계역점,서울 노원구 덕릉로83길 14-3,37.66014860000001,127.0745994,gb_nw_02.png,561066,55388,57787,red,83.21,8.21,8.57
강북,노원,비스킷플로어,서울 노원구 동일로180길 61-7,37.62320620000001,127.0775679,gb_nw_03.png,352529,6682,357814,mono,49.17,0.93,49.9
강북,노원,플랫커피,서울 노원구 공릉로39길 20,37.6238012,127.0783025,gb_nw_04.png,1004968,4579,51029,red,94.76,0.43,4.81
강북,노원,ddami coffee,서울 노원구 공릉로 120,37.6206095,127.0785096,gb_nw_05.png,152509,7689,88593,red,61.3,3.09,35.61
강북,노원,표준커피,서울 노원구 공릉로 119-5,37.6210059,127.0781524,gb_nw_06.png,425845,8180,173475,red,70.1,1.35,28.56
강북,노원,스윗레시피,서울 노원구 상계로1길 38,37.6576842,127.0616951,gb_nw_07.png,583124,25947,200929,red,71.99,3.2,24.81
강북,노원,502세컨즈카페카페,서울 노원구 섬밭로 232,37.6366317,127.066364,gb_nw_08.png,298432,98018,413550,mono,36.84,12.1,51.06
강북,노원,이너모스트,서울 노원구 동일로183길 12-1,37.62314470000001,127.0728357,gb_nw_09.png,529477,14309,94930,red,82.9,2.24,14.86
강북,노원,오누이,서울 노원구 동일로187길 12-47,37.62459000000001,127.0723759,gb_nw_10.png,13119346,3329213,7551441,red,54.66,13.87,31.46
강북,노원,moodshare,서울 노원구 공릉로 119-23,37.62148679999999,127.0778938,gb_nw_11.png,6728691,1948699,3515378,red,55.19,15.98,28.83
강북,노원,쌍뜨떼,서울 노원구 동일로174길 37-16,37.6198532,127.077428,gb_nw_12.png,228360,77145,105195,red,55.6,18.78,25.61
강북,노원,에이치큐브,서울 노원구 노원로1길 73-12,37.6204575,127.0829327,gb_nw_13.png,251742,97372,190886,red,46.62,18.03,35.35
동서울,동대문,커피나인,서울 동대문구 답십리로 68,37.5753313,127.04839040000002,es_ddm_01.png,471608,56607,252163,red,60.43,7.25,32.31
동서울,동대문,멜로우시티카페,서울 동대문구 서울시립대로12길 6,37.5785799,127.0502295,es_ddm_02.png,322156,31121,186411,red,59.69,5.77,34.54
동서울,동대문,슬로우스트림커피,서울 동대문구 전농로3길 12,37.5684569,127.0565376,es_ddm_03.png,470527,34116,209517,red,65.89,4.78,29.34
동서울,동대문,커피코,서울 동대문구 천호대로 151,37.5736533,127.0402303,es_ddm_04.png,394612,47605,363730,red,48.96,5.91,45.13
동서울,동대문,브라운팩토리,서울 동대문구 천호대로 15,37.5748322,127.0252173,es_ddm_05.png,190480,86313,245462,mono,36.47,16.53,47.0
동서울,동대문,비하인드미,서울 동대문구 회기로 125,37.591587,127.05052279999998,es_ddm_06.png,258638,131449,217413,red,42.57,21.64,35.79
동서울,동대문,포비 회기,서울 동대문구 회기로31길 13,37.59056079999999,127.05898190000002,es_ddm_07.png,359911,155089,151000,red,54.04,23.29,22.67
동서울,동대문,카페온,서울 동대문구 왕산로 276-1,37.5851342,127.05136570000002,es_ddm_08.png,355003,8408,176589,red,65.74,1.56,32.7
동서울,동대문,카페반창고,서울 동대문구 경희대로1가길 18,37.5925313,127.0516477,es_ddm_09.png,762340,2287,45373,red,94.12,0.28,5.6
동서울,동대문,디저트홀릭케이크전문,서울 동대문구 경희대로4길 7,37.5925167,127.05308259999998,es_ddm_10.png,368202,14838,270720,red,56.32,2.27,41.41
동서울,동대문,니어커피,서울 동대문구 경희대로4길 79,37.5913942,127.0564893,es_ddm_11.png,4874969,7655,411456,red,92.08,0.14,7.77
동서울,동대문,카페양귀비,서울 동대문구 이문로9길 8,37.592929,127.0574268,es_ddm_12.png,689135,464,120401,red,85.08,0.06,14.86
동서울,동대문,멜팅폼카페,서울 동대문구 천장산로7길 10-3,37.5986553,127.0571144,es_ddm_13.png,530718,71518,12164,red,86.38,11.64,1.98
동서울,중랑,파크더블유,서울 중랑구 양원역로16길 103-111,37.6077574,127.113835,es_gl_01.png,259856,20389,58605,red,76.69,6.02,17.3
동서울,중랑,상봉커피,서울 중랑구 봉우재로 96,37.5918972,127.0837317,es_gl_02.png,140724,5073,105699,red,55.95,2.02,42.03
동서울,중랑,카페브릭,서울 중랑구 신내역로1길 127-11,37.61266810000001,127.10329579999998,es_gl_03.png,223374,8652,97122,red,67.86,2.63,29.51
동서울,중랑,커피나무,서울 중랑구 신내로 62,37.6047179,127.0957413,es_gl_04.png,230742,2530,85090,red,72.48,0.79,26.73
동서울,중랑,시즌카페,서울 중랑구 사가정로49길 62,37.58373220000001,127.0870122,es_gl_05.png,211885,40570,82045,red,63.34,12.13,24.53
동서울,중랑,데일리파크,서울 중랑구 신내로15길 196,37.6168083,127.0881722,es_gl_06.png,68746,5777,62925,red,50.02,4.2,45.78
동서울,중랑,개인공간,서울 중랑구 송림길 12,37.5998681,127.0956868,es_gl_07.png,103706,802,98057,red,51.2,0.4,48.41
동서울,중랑,카페레블,서울 중랑구 면목로49길 6,37.5827456,127.0881825,es_gl_08.png,176311,9358,103411,red,60.99,3.24,35.77
동서울,중랑,칼라스,서울 중랑구 동일로 932,37.613797,127.0775029,es_gl_09.png,214628,61397,95983,red,57.69,16.5,25.8
동서울,중랑,커피마마,서울 중랑구 면목로 491,37.5957664,127.085256,es_gl_10.png,177435,54790,184367,mono,42.59,13.15,44.26
동서울,중랑,카페드리옹,서울 중랑구 면목천로19길 50,37.58628289999999,127.0809574,es_gl_11.png,167661,65863,231002,mono,36.09,14.18,49.73
동서울,중랑,카페이노이드,서울 중랑구 용마산로86길 9-38,37.5875735,127.0967629,es_gl_12.png,143309,13715,186180,mono,41.76,4.0,54.25
동서울,중랑,달꿈남매,서울 중랑구 면목동 118-1,37.5877784,127.0860331,es_gl_13.png,237827,57902,97685,red,60.45,14.72,24.83
동서울,성동,어니언,서울 성동구 아차산로9길 8,37.5446439,127.0583225,es_sd_01.png,241737,93154,106956,red,54.71,21.08,24.21
동서울,성동,어반소스,서울 성동구 연무장3길 9,37.5445466,127.0512295,es_sd_02.png,199726,9929,46995,red,77.82,3.87,18.31
동서울,성동,자그마치,서울 성동구 성수이로 88,37.54263020000001,127.0567522,es_sd_03.png,253469,6900,77981,red,74.91,2.04,23.05
동서울,성동,카멜,서울 성동구 성덕정19길 6,37.5371935,127.05587479999998,es_sd_04.png,242927,0,7553,red,96.98,0.0,3.02
동서울,성동,오르에르,서울 성동구 연무장길 18,37.5434188,127.051374,es_sd_05.png,120774,21514,52532,red,61.99,11.04,26.96
동서울,성동,카페성수,서울 성동구 서울숲4길 13,37.547499,127.042485,es_sd_06.png,165154,58836,113570,red,48.93,17.43,33.64
동서울,성동,센터커피,서울 성동구 서울숲2길 28-11,37.5464894,127.04165259999998,es_sd_07.png,373543,5842,40636,red,88.93,1.39,9.67
동서울,성동,쉐어드테이블,서울 성동구 연무장길 47,37.542767100000006,127.0547193,es_sd_08.png,208875,158854,45441,red,50.55,38.45,11.0
동서울,성동,멜로워,서울 성동구 성수이로7길 39,37.5424991,127.0532063,es_sd_09.png,187737,37868,118963,red,54.48,10.99,34.53
동서울,성동,홀볼트,서울 성동구 성수이로 58,37.5401223,127.0555878,es_sd_10.png,161367,45563,117130,red,49.8,14.06,36.14
동서울,성동,체다앤올리,서울 성동구 서울숲2길 32-14,37.5463874,127.042291,es_sd_11.png,244731,45,55528,red,81.49,0.01,18.49
동서울,성동,봉순이네다락방,서울 성동구 왕십리로21길 13-1,37.5610921,127.0329743,es_sd_12.png,184338,8126,51105,red,75.68,3.34,20.98
동서울,성동,글로우,서울 성동구 아차산로9길 20,37.5458587,127.0586874,es_sd_13.png,154234,25551,41114,red,69.82,11.57,18.61
동서울,광진,펠어커피,서울 광진구 아차산로59길 63,37.5412294,127.0908055,es_gj_01.png,253836,11705,34963,red,84.47,3.9,11.63
동서울,광진,마우스래빗,서울 광진구 능동로11길 10,37.5419628,127.0708885,es_gj_02.png,147922,31716,141937,red,46.0,9.86,44.14
동서울,광진,최가커피,서울 광진구 능동로13길 23,37.5429832,127.0705873,es_gj_03.png,144082,7482,94936,red,58.45,3.04,38.51
동서울,광진,오폐뜨,서울 광진구 능동로 111,37.5409785,127.0708351,es_gj_04.png,198401,38971,98796,red,59.02,11.59,29.39
동서울,광진,바이레인,서울 광진구 능동로50길 9,37.5640052,127.084053,es_gj_05.png,246338,8560,78267,red,73.94,2.57,23.49
동서울,광진,더466키친,서울 광진구 아차산로 466,37.5396601,127.0938888,es_gj_06.png,133813,25414,94171,red,52.81,10.03,37.16
동서울,광진,안다즈카페,서울 광진구 천호대로132길 10,37.5503218,127.0895022,es_gj_07.png,231961,4522,172457,red,56.72,1.11,42.17
동서울,광진,꼬메노,서울 광진구 군자로7길 29,37.5455626,127.0690728,es_gj_08.png,245317,24593,46626,red,77.5,7.77,14.73
동서울,광진,카페 케이375,서울 광진구 아차산로33길 68,37.543111,127.0712556,es_gj_09.png,148699,29398,111421,red,51.36,10.15,38.48
동서울,광진,카페호이,서울 광진구 동일로20길 80,37.5400898,127.0678283,es_gj_10.png,261992,60850,232686,red,47.16,10.95,41.89
동서울,광진,필라멘트스터디카페,서울 광진구 동일로22길 117-17,37.5414086,127.0707562,es_gj_11.png,238213,68779,206638,red,46.38,13.39,40.23
동서울,광진,커피마켓,서울 광진구 아차산로33길 60,37.5428198,127.0711291,es_gj_12.png,129001,15809,81765,red,56.94,6.98,36.09
동서울,광진,엘리펀트,서울 광진구 동일로 76,37.5678107,127.0807849,es_gj_13.png,51917,44183,71040,mono,31.06,26.43,42.5
동남,강동,카페드하이몬드,서울 강동구 천호대로 1022,37.5375953,127.1253702,se_gd_01.png,195397,14673,39279,red,78.36,5.88,15.75
동남,강동,커피와글,서울 강동구 올림픽로62길 5-27,37.5375306,127.1236974,se_gd_02.png,483553,118234,243070,red,57.23,13.99,28.77
동남,강동,옹끌카페,서울 강동구 진황도로 4-9,37.5396359,127.1280179,se_gd_03.png,285201,0,125231,red,69.49,0.0,30.51
동남,강동,감성커피 천호,서울 강동구 구천면로 192,37.5464536,127.140148,se_gd_04.png,70977,18551,31732,red,58.53,15.3,26.17
동남,강동,카페 그라운드,서울 강동구 올림픽로 756,37.5486309,127.12725790000002,se_gd_05.png,100726,9887,52331,red,61.82,6.07,32.12
동남,강동,카페 메종드한,서울 강동구 강동대로 177,37.5251705,127.1264418,se_gd_06.png,252722,33279,44239,red,76.53,10.08,13.4
동남,강동,커피몽타주,서울 강동구 올림픽로48길 23-12,37.5294606,127.1218503,se_gd_07.png,151854,9391,122803,red,53.46,3.31,43.23
동남,강동,평상시,서울 강동구 고덕로20길 26,37.5535316,127.1336077,se_gd_08.png,185492,10649,176374,red,49.79,2.86,47.35
동남,강동,피에로 커피,서울 강동구 성내로14길 27,37.5265684,127.126611,se_gd_09.png,196557,42601,104822,red,57.14,12.38,30.47
동남,강동,페더커피,서울 강동구 진황도로 123,37.5347433,127.139943,se_gd_10.png,246571,20579,41985,red,79.76,6.66,13.58
동남,강동,엘리펀트커피,서울 강동구 양재대로 1548,37.543638,127.1424877,se_gd_11.png,156611,32764,53946,red,64.36,13.47,22.17
동남,강동,더츠커피 가르텐페스트점,서울 강동구 강동대로 179,37.5249814,127.1267065,se_gd_12.png,226232,8423,37481,red,83.13,3.1,13.77
동남,강동,스윗솔트,서울 강동구 상암로 286,37.5454483,127.1541116,se_gd_13.png,62909,56380,44861,red,38.32,34.35,27.33
동남,송파,빌즈 잠실,서울 송파구 올림픽로 300,37.5213517,127.1026097,se_sp_01.png,100402,30573,135233,mono,37.72,11.48,50.8
동남,송파,라라브레드,서울 송파구 오금로16길 4,37.5110989,127.1090937,se_sp_02.png,333029,6667,102704,red,75.28,1.51,23.22
동남,송파,반고흐카페 롯데월드점,서울 송파구 올림픽로 300,37.5213517,127.1026097,se_sp_03.png,148215,47915,221767,mono,35.47,11.47,53.07
동남,송파,뉴질랜드스토리,서울 송파구 석촌호수로 268,37.5096884,127.105707,se_sp_04.png,242349,38867,93700,red,64.64,10.37,24.99
동남,송파,카페드로잉,서울 송파구 송파대로 111,37.4856859,127.1193237,se_sp_05.png,159472,15146,81298,red,62.31,5.92,31.77
동남,송파,가배도,서울 송파구 백제고분로45길 6,37.5092297,127.110825,se_sp_06.png,224560,19937,111075,red,63.15,5.61,31.24
동남,송파,피치그레이,서울 송파구 가락로21길 14-1,37.5036315,127.1109514,se_sp_07.png,194457,52560,71811,red,60.99,16.49,22.52
동남,송파,서울리즘,서울 송파구 백제고분로 435,37.509745,127.1115349,se_sp_08.png,114596,43559,177425,mono,34.15,12.98,52.87
동남,송파,카페단지,서울 송파구 백제고분로45길 12,37.5095858,127.1101331,se_sp_09.png,195403,15629,96606,red,63.52,5.08,31.4
동남,송파,어나더선데이,서울 송파구 송파대로48길 3,37.5084463,127.1049346,se_sp_10.png,238042,15630,105760,red,66.23,4.35,29.42
동남,송파,벨라스가든,서울 송파구 백제고분로41길 42-19,37.5100441,127.1062762,se_sp_11.png,272804,10689,83923,red,74.25,2.91,22.84
동남,송파,고고스,서울 송파구 석촌호수로 197,37.5092404,127.0991543,se_sp_12.png,189326,10117,70007,red,70.26,3.75,25.98
동남,송파,파티세리 도효,서울 송파구 오금로16길 10,37.51076810000001,127.1087221,se_sp_13.png,136065,10577,91864,red,57.05,4.43,38.52
